-- 유저 데이터 삽입 (학생 - 13년~17년 기준으로 EX-20130001 
--				     교수 - 숫자 네자리 EX-0001 )
INSERT INTO USERS VALUES 
( '0','$2a$10$6xOJ8ucrzotA7KlJYy.tV./pPyMFYVJ826PEXafe1.b4XDQEKSgdy','관리자','1','1',
'1','1','1','1',
'1', 
'1',1, null);
-- 김성환 (건축학과교수)
INSERT INTO USERS VALUES  
( '0001','$2a$10$rT4WgJmrWDULsWr..2YuruNKM69mFfijjsskYJgtfTElGkzzYRU/u','김성환','kimseunghwan','750872-1989424',
'hwan@naver.com','02-654-6548','010-6547-1269','한국',
'인천 중구 용우서로 272', 
'인천 중구 차이나타운 879-5',1, null);
--김장규 (영어영문학과 교수)
INSERT INTO USERS VALUES 
( '0002','$2a$10$BxlcrG3ZsKsxmh/ln3GuEeNT.pTmb.gfGNW7dbPgXc5/3SR0np9jC','김장규','kimjanggyu','610572-1547872',
'jang@naver.com','02-647-6481','010-6154-8756','한국',
'서울 용산구 이태원로 15길 123-234', 
'서울 강남구 봉은사로 5',1, null);
--정은지 (문예창작학과 교수)
INSERT INTO USERS VALUES 
( '0003','$2a$10$wS2JrTssfU6IzWnme2G4Yu1Lu9CA5tzOAWBDfDvR76GT6a3a61PUa','정은지','jungjunji','678115-2567874',
'jung@naver.com','02-615-6549','010-9654-9648','한국',
'서울 마포구 성미산로 161-8', 
'서울 중수 세종대로 1길',1, null);
INSERT INTO USERS VALUES 
( '0004','$2a$10$sCaeqyV4npc8EJ2NmrMaZe3teWIsodxYY311nWQSj9k1rMw51Cnli','노현식','nohyunsik','7105497-1678726',
'sik@naver.com','02-974-9875','010-9687-1891','한국',
'서울 중구 창경궁로 62-29', 
'서울 관악구 낙성대역길 8',1, null);
INSERT INTO USERS VALUES 
( '0005','$2a$10$.YpQ..ksPEjLAxHbD77aBOUpwhBt4kDhIJB5nrmWk0CWm1q49AyN6','김형주','kimhyungjoo','754607-1897421',
'joo@naver.com','02-987-5647','010-4954-8124','한국',
'서울 강남구 강남대로 452', 
'서울 강남구 논현로 175',1, null);
INSERT INTO USERS VALUES 
( '0006','$2a$10$QgWLsV7dcutTYEYScd9u4OR02pTzEKLdnqp5Xhnml0XuKcNkmIUxK','조인성','joinsung','830978-1987452',
'insung@naver.com','02-874-9857','010-5569-4658','한국',
'서울 서초구 사평대로 205 CENTRALCITY 반포천 874', 
'서울 중구 을지로 30',1, null);

INSERT INTO USERS VALUES 
( '20130001','$2a$10$5Q2/t5diBRDfYvjXT96nhOJz1v9hxeHoZ1f.KEE4RmEzNH90N6i92','이병문','leebyungmun','900823-1579887',
'lee@naver.com','02-756-2479','010-3838-7229','한국',
'경기 고양시 일산동구 장항동 달빛마을 701동 801호', 
'경기 고양시 덕양구 화정동 798-21',1, null);
INSERT INTO USERS VALUES 
( '20140001','$2a$10$3doe.4YunhhBlsvgq1bsXuoFsvA/v0SG4D2zZXws.uRMykCltSU4K','현동준','hyundongjun','915421-1313227',
'hyun@naver.com','02-910-3439','010-1324-3124','한국',
'부산광역시 마두동 283-8', 
'부산광역시 가좌동 132-2',1, null);
INSERT INTO USERS VALUES 
( '20150001','$2a$10$I4A9iAGghFzrgrLz0Pn7nOT7F4XsP67AMBoGMuTHG3WSkBN60IbI2','김영현','kimyuonghyun','870451-1546782',
'kim@naver.com','02-324-2479','010-4213-1243','한국',
'경기 성남시 분당구 대왕판교로 29-234', 
'경기 성남시 덕양구 일산동 48-2341',1, null);
INSERT INTO USERS VALUES 
( '20160002','$2a$10$.SQCSVmRcDQ.HsAVSjZTeeOzL.wgJSQEcZybxT/h0kDQnFUU4uNNO','백진현','beckjinhyun','914234-1655472',
'beck@naver.com','02-156-3465','010-1647-5967','한국',
'경기 성남시 분당구 야탑로 111번길', 
'경기 성남시 분당구 야탑로 111번길',1, null);
INSERT INTO USERS VALUES 
( '20160001','$2a$10$br1YUKfl/HnLwIQjeN0q3.x0VGRCZqVI6lAYWVdg98ArlYFnfLzea','김새롬','kimsearom','930875-2645184',
'sea@naver.com','02-342-4325','010-3644-5234','한국',
'경기 성남시 분당구 황새울로 312-6547', 
'인천 중구 차이나타운로 36',1, null);
INSERT INTO USERS VALUES 
( '20150002','$2a$10$9mMlQZY7SnB7Sy/zE9M5He50OG.RQ4KZ9UYu1E5LiS.kk7s5eAMI.','김진광','kimjingwang','920574-156784',
'jin@naver.com','02-975-5979','010-6798-6784','한국',
'인천 중구 차이나타운로 36', 
'인천 부평구 시장로 898-1',1, null);
INSERT INTO USERS VALUES 
( '20150003','$2a$10$ZKRLBR6vN8TFBXu54mOh5u8yQJbA/TTMtNqIeXWenWkP0RKo1zg1y','이승헌','leesrunghun','910487-198745',
'ss@naver.com','02-949-6478','010-4872-7614','한국',
'경기 구리시 삼청동 56', 
'경기 이천시 마두동 854-1',1, null);

-- 권한 데이터 삽입 (사용자ID, 권한)
INSERT INTO AUTHORITIES VALUES('0','ROLE_ADMIN');
INSERT INTO AUTHORITIES VALUES('0001','ROLE_PROFESSOR');
INSERT INTO AUTHORITIES VALUES('0002','ROLE_PROFESSOR');
INSERT INTO AUTHORITIES VALUES('0003','ROLE_PROFESSOR');
INSERT INTO AUTHORITIES VALUES('0004','ROLE_PROFESSOR');
INSERT INTO AUTHORITIES VALUES('0005','ROLE_PROFESSOR');
INSERT INTO AUTHORITIES VALUES('0006','ROLE_PROFESSOR');
INSERT INTO AUTHORITIES VALUES('20130001','ROLE_STU');
INSERT INTO AUTHORITIES VALUES('20140001','ROLE_STU');
INSERT INTO AUTHORITIES VALUES('20150001','ROLE_STU');
INSERT INTO AUTHORITIES VALUES('20150002','ROLE_STU');
INSERT INTO AUTHORITIES VALUES('20150003','ROLE_STU');
INSERT INTO AUTHORITIES VALUES('20160001','ROLE_STU');
INSERT INTO AUTHORITIES VALUES('20160002','ROLE_STU');


--건물 삽입 (건물 id, 건물이름)++ 예학관 - 인문대학 강의실(7)
--							 ++ 제2공학관 - 이공대학 강의실(5)
--							 ++ 광교관 - 연구실 (2)
--							 ++ 교수연구동 - 교수실(1)
INSERT INTO BUILDING VALUES (building_id_seq.nextval, '교수연구동', 'http://www.kyonggi.ac.kr/web/images/kgu/contents/sub03_img05.gif', 37.301926235559236, 127.03658138147823, '031-249-8815', '경기 수원시 영통구 이의동 산94-6');
INSERT INTO BUILDING VALUES (building_id_seq.nextval, '광교관', 'http://www.kyonggi.ac.kr/web/images/kgu/contents/sub02_img00.gif', 37.30108544952339, 127.03837999226404, '031-250-2821', '경기 수원시 영통구 이의동 산90-2');
INSERT INTO BUILDING VALUES (building_id_seq.nextval, '종합강의동', 'http://www.kyonggi.ac.kr/web/images/kgu/contents/sub03_img04.gif', 37.30142366474769, 127.03735940012322, '031-251-3015', '경기 수원시 영통구 이의동 산87-6');
INSERT INTO BUILDING VALUES (building_id_seq.nextval, '예지관', 'http://www.kyonggi.ac.kr/web/images/kgu/contents/sub03_img13.gif', 37.30081123274915, 127.03648496935729, '031-252-1279', '경기 수원시 영통구 이의동 산91-2');
INSERT INTO BUILDING VALUES (building_id_seq.nextval, '제2공학관', 'http://www.kyonggi.ac.kr/web/images/kgu/contents/sub02_img01.gif', 37.30032803923929, 127.04000942240694, '031-230-2316', '경기 수원시 영통구 이의동 산99-1');
INSERT INTO BUILDING VALUES (building_id_seq.nextval, '육영관', 'http://www.kyonggi.ac.kr/web/images/kgu/contents/sub02_img05.gif', 37.300841865241324, 127.03930757227228, '031-255-2153', '경기 수원시 영통구 이의동 산88-7');
INSERT INTO BUILDING VALUES (building_id_seq.nextval, '예학관', 'http://www.kyonggi.ac.kr/web/images/kgu/contents/sub02_img08.gif', 37.30303749625641, 127.03412583008026, '031-229-1231', '경기 수원시 영통구 이의동 산77-6');
INSERT INTO BUILDING VALUES (building_id_seq.nextval, '호연관', 'http://www.kyonggi.ac.kr/web/images/kgu/contents/sub02_img10.gif', 37.304289978431434, 127.03397976138771, '031-254-4215', '경기 수원시 영통구 이의동 산91-3');

--방 삽입( 방ID, 방 이름, 건물 ID)
INSERT INTO ROOM VALUES(ROOM_ID_SEQ.NEXTVAL,'인문100호',7);--인문대학 강의실1
INSERT INTO ROOM VALUES(ROOM_ID_SEQ.NEXTVAL,'인문200호',7);
INSERT INTO ROOM VALUES(ROOM_ID_SEQ.NEXTVAL,'인문300호',7);
INSERT INTO ROOM VALUES(ROOM_ID_SEQ.NEXTVAL,'인문400호',7);
INSERT INTO ROOM VALUES(ROOM_ID_SEQ.NEXTVAL,'인문500호',7);
INSERT INTO ROOM VALUES(ROOM_ID_SEQ.NEXTVAL,'인문600호',7);
INSERT INTO ROOM VALUES(ROOM_ID_SEQ.NEXTVAL,'인문700호',7);
INSERT INTO ROOM VALUES(ROOM_ID_SEQ.NEXTVAL,'인문800호',7);
INSERT INTO ROOM VALUES(ROOM_ID_SEQ.NEXTVAL,'인문900호',7);
INSERT INTO ROOM VALUES(ROOM_ID_SEQ.NEXTVAL,'인문1000호',7);
INSERT INTO ROOM VALUES(ROOM_ID_SEQ.NEXTVAL,'인문1100호',7);
INSERT INTO ROOM VALUES(ROOM_ID_SEQ.NEXTVAL,'인문1200호',7);
INSERT INTO ROOM VALUES(ROOM_ID_SEQ.NEXTVAL,'이공100호',5);--이공대학 강의실13
INSERT INTO ROOM VALUES(ROOM_ID_SEQ.NEXTVAL,'이공200호',5);
INSERT INTO ROOM VALUES(ROOM_ID_SEQ.NEXTVAL,'이공300호',5);
INSERT INTO ROOM VALUES(ROOM_ID_SEQ.NEXTVAL,'이공400호',5);
INSERT INTO ROOM VALUES(ROOM_ID_SEQ.NEXTVAL,'이공500호',5);
INSERT INTO ROOM VALUES(ROOM_ID_SEQ.NEXTVAL,'이공600호',5);
INSERT INTO ROOM VALUES(ROOM_ID_SEQ.NEXTVAL,'이공700호',5);
INSERT INTO ROOM VALUES(ROOM_ID_SEQ.NEXTVAL,'이공800호',5);
INSERT INTO ROOM VALUES(ROOM_ID_SEQ.NEXTVAL,'이공900호',5);
INSERT INTO ROOM VALUES(ROOM_ID_SEQ.NEXTVAL,'이공1000호',5);
INSERT INTO ROOM VALUES(ROOM_ID_SEQ.NEXTVAL,'이공1100호',5);
INSERT INTO ROOM VALUES(ROOM_ID_SEQ.NEXTVAL,'이공1200호',5);
INSERT INTO ROOM VALUES(ROOM_ID_SEQ.NEXTVAL,'연구100호',2);-- 연구실25
INSERT INTO ROOM VALUES(ROOM_ID_SEQ.NEXTVAL,'연구200호',2);
INSERT INTO ROOM VALUES(ROOM_ID_SEQ.NEXTVAL,'연구300호',2);
INSERT INTO ROOM VALUES(ROOM_ID_SEQ.NEXTVAL,'연구400호',2);
INSERT INTO ROOM VALUES(ROOM_ID_SEQ.NEXTVAL,'연구500호',2);
INSERT INTO ROOM VALUES(ROOM_ID_SEQ.NEXTVAL,'연구600호',2);
INSERT INTO ROOM VALUES(ROOM_ID_SEQ.NEXTVAL,'연구700호',2);
INSERT INTO ROOM VALUES(ROOM_ID_SEQ.NEXTVAL,'연구800호',2);
INSERT INTO ROOM VALUES(ROOM_ID_SEQ.NEXTVAL,'연구900호',2);
INSERT INTO ROOM VALUES(ROOM_ID_SEQ.NEXTVAL,'연구1000호',2);
INSERT INTO ROOM VALUES(ROOM_ID_SEQ.NEXTVAL,'연구1100호',2);
INSERT INTO ROOM VALUES(ROOM_ID_SEQ.NEXTVAL,'연구1200호',2);
INSERT INTO ROOM VALUES(ROOM_ID_SEQ.NEXTVAL,'교수100호',1);-- 교수실37
INSERT INTO ROOM VALUES(ROOM_ID_SEQ.NEXTVAL,'교수200호',1);
INSERT INTO ROOM VALUES(ROOM_ID_SEQ.NEXTVAL,'교수300호',1);
INSERT INTO ROOM VALUES(ROOM_ID_SEQ.NEXTVAL,'교수400호',1);
INSERT INTO ROOM VALUES(ROOM_ID_SEQ.NEXTVAL,'교수500호',1);
INSERT INTO ROOM VALUES(ROOM_ID_SEQ.NEXTVAL,'교수600호',1);
INSERT INTO ROOM VALUES(ROOM_ID_SEQ.NEXTVAL,'교수700호',1);
INSERT INTO ROOM VALUES(ROOM_ID_SEQ.NEXTVAL,'교수800호',1);
INSERT INTO ROOM VALUES(ROOM_ID_SEQ.NEXTVAL,'교수900호',1);
INSERT INTO ROOM VALUES(ROOM_ID_SEQ.NEXTVAL,'교수1000호',1);
INSERT INTO ROOM VALUES(ROOM_ID_SEQ.NEXTVAL,'교수1100호',1);
INSERT INTO ROOM VALUES(ROOM_ID_SEQ.NEXTVAL,'교수1200호',1);
INSERT INTO ROOM VALUES(ROOM_ID_SEQ.NEXTVAL,'교양100호',3);-- 교양강의동49
INSERT INTO ROOM VALUES(ROOM_ID_SEQ.NEXTVAL,'교양200호',3);
INSERT INTO ROOM VALUES(ROOM_ID_SEQ.NEXTVAL,'교양300호',3);
INSERT INTO ROOM VALUES(ROOM_ID_SEQ.NEXTVAL,'교양400호',3);
INSERT INTO ROOM VALUES(ROOM_ID_SEQ.NEXTVAL,'교양500호',3);
INSERT INTO ROOM VALUES(ROOM_ID_SEQ.NEXTVAL,'교양600호',3);
INSERT INTO ROOM VALUES(ROOM_ID_SEQ.NEXTVAL,'교양700호',3);
INSERT INTO ROOM VALUES(ROOM_ID_SEQ.NEXTVAL,'교양800호',3);
INSERT INTO ROOM VALUES(ROOM_ID_SEQ.NEXTVAL,'교양900호',3);
INSERT INTO ROOM VALUES(ROOM_ID_SEQ.NEXTVAL,'교양1000호',3);
INSERT INTO ROOM VALUES(ROOM_ID_SEQ.NEXTVAL,'교양1100호',3);
INSERT INTO ROOM VALUES(ROOM_ID_SEQ.NEXTVAL,'교양1200호',3);

--단과대학 (단과대학ID, 단과대학명)
INSERT INTO COLLEGE VALUES(COLLEGE_ID_SEQ.NEXTVAL,'인문사회대학');
INSERT INTO COLLEGE VALUES(COLLEGE_ID_SEQ.NEXTVAL,'이공대학');

--학과 (학과ID, 학과이름, 단과대학 ID)
INSERT INTO MAJOR VALUES(MAJOR_ID_SEQ.NEXTVAL, '국어국문학과', 1);--인문대학
INSERT INTO MAJOR VALUES(MAJOR_ID_SEQ.NEXTVAL, '영어영문학과', 1);
INSERT INTO MAJOR VALUES(MAJOR_ID_SEQ.NEXTVAL, '문예창작학과', 1);
INSERT INTO MAJOR VALUES(MAJOR_ID_SEQ.NEXTVAL, '행정학과', 1);
INSERT INTO MAJOR VALUES(MAJOR_ID_SEQ.NEXTVAL, '사회복지학과', 1);
INSERT INTO MAJOR VALUES(MAJOR_ID_SEQ.NEXTVAL, '건축학과', 2);--공과대학
INSERT INTO MAJOR VALUES(MAJOR_ID_SEQ.NEXTVAL, '토목공학과', 2);
INSERT INTO MAJOR VALUES(MAJOR_ID_SEQ.NEXTVAL, '화학과', 2);
INSERT INTO MAJOR VALUES(MAJOR_ID_SEQ.NEXTVAL, '생명공학과', 2);
INSERT INTO MAJOR VALUES(MAJOR_ID_SEQ.NEXTVAL, '컴퓨터과학과', 2);

--졸업학점 (학과ID, 입학연도, 교양필수, 교양선택, 전공필수, 전공선택 졸업학점)
INSERT INTO GRADUATION_CREDIT VALUES(1,2013,34,26,50,40);--국어국문학과
INSERT INTO GRADUATION_CREDIT VALUES(1,2014,36,24,46,44);
INSERT INTO GRADUATION_CREDIT VALUES(1,2015,32,28,48,42);
INSERT INTO GRADUATION_CREDIT VALUES(1,2016,32,28,52,38);
INSERT INTO GRADUATION_CREDIT VALUES(1,2017,37,23,50,40);
INSERT INTO GRADUATION_CREDIT VALUES(2,2013,40,30,60,30);--영어영문학과
INSERT INTO GRADUATION_CREDIT VALUES(2,2014,40,20,47,43);
INSERT INTO GRADUATION_CREDIT VALUES(2,2015,50,40,55,35);
INSERT INTO GRADUATION_CREDIT VALUES(2,2016,36,24,57,33);
INSERT INTO GRADUATION_CREDIT VALUES(2,2017,34,26,60,40);
INSERT INTO GRADUATION_CREDIT VALUES(3,2013,30,30,40,40);--문예창작학과
INSERT INTO GRADUATION_CREDIT VALUES(3,2014,30,20,55,45);
INSERT INTO GRADUATION_CREDIT VALUES(3,2015,38,22,40,60);
INSERT INTO GRADUATION_CREDIT VALUES(3,2016,30,20,55,45);
INSERT INTO GRADUATION_CREDIT VALUES(3,2017,38,22,40,60);
INSERT INTO GRADUATION_CREDIT VALUES(6,2014,36,24,46,44);--건축학과
INSERT INTO GRADUATION_CREDIT VALUES(6,2015,36,24,46,44);
INSERT INTO GRADUATION_CREDIT VALUES(6,2016,36,24,46,44);
INSERT INTO GRADUATION_CREDIT VALUES(6,2017,36,24,46,44);

--학점기준 (입학년도, 학과ID, 최소학점, 최대학점, 장학금 최소학점,
--  	    유예최소학점, 유예최대학점)
INSERT INTO STANDARD VALUES(2013,1,12,21,16,1,21);--국어국문학과
INSERT INTO STANDARD VALUES(2014,1,12,21,16,3,21);
INSERT INTO STANDARD VALUES(2015,1,10,21,14,1,21);
INSERT INTO STANDARD VALUES(2016,1,12,21,16,3,21);
INSERT INTO STANDARD VALUES(2017,1,10,21,16,1,21);
INSERT INTO STANDARD VALUES(2013,2,12,20,18,1,20);--영어영문학과
INSERT INTO STANDARD VALUES(2014,2,10,21,16,1,21);
INSERT INTO STANDARD VALUES(2015,2,10,21,16,1,21);
INSERT INTO STANDARD VALUES(2016,2,12,21,16,2,21);
INSERT INTO STANDARD VALUES(2017,2,10,20,16,1,20);
INSERT INTO STANDARD VALUES(2013,3,12,20,18,1,20);--문예창작학과
INSERT INTO STANDARD VALUES(2014,3,10,21,16,1,21);
INSERT INTO STANDARD VALUES(2015,3,10,21,16,1,21);
INSERT INTO STANDARD VALUES(2016,3,12,21,16,2,21);
INSERT INTO STANDARD VALUES(2017,3,10,20,16,1,20);
INSERT INTO STANDARD VALUES(2013,6,12,20,18,1,20);--건축학과 
INSERT INTO STANDARD VALUES(2014,6,10,21,16,1,21);
INSERT INTO STANDARD VALUES(2015,6,10,21,16,1,21);
INSERT INTO STANDARD VALUES(2016,6,12,21,16,2,21);
INSERT INTO STANDARD VALUES(2017,6,10,20,16,1,20);

--학생 (학생 ID, 과정구분, 병영구분, 입학일자, 
--   졸업일자,학적구분, 학생구분, 학년,
--   졸업시험 패스여부, 조기졸업 대상여부, 학기, 
--	  학과ID, 복수전공 ID, 부전공 ID)

--병문
INSERT INTO STUDENT VALUES('20130001','학사','군필','2013-03-10',
'2016-02-20','졸업','정규학생',4, 'y', 'n','2학기', 1, 2,null);
--동준
INSERT INTO STUDENT VALUES('20140001','학사','군필','2014-03-09',
NULL,'재학','편입학생',4, 'y' , 'n' ,'2학기', 6, 1,8); 
--영현
INSERT INTO STUDENT VALUES('20150001','학사',NULL ,'2015-03-11',
NULL,'휴학','정규학생',3, NULL , 'n' ,'2학기', 2, NULL,NULL);
--진현
INSERT INTO STUDENT VALUES('20160002','학사','군필','2016-03-09',
NULL,'재학','정규학생',2, NULL , 'n' ,'1학기', 4, NULL,NULL);
--새롬
INSERT INTO STUDENT VALUES('20160001','학사',NULL,'2016-03-09',
NULL,'재학','정규학생',1, NULL , 'n' ,'2학기', 2, NULL,5);
--진광
INSERT INTO STUDENT VALUES('20150002','학사','군필','2015-03-11',
NULL,'휴학','편입학생',3, NULL , 'n' ,'2학기', 3, 2,1);
--승헌
INSERT INTO STUDENT VALUES('20150003','학사','군필','2015-03-11',
NULL,'재학','정규학생',3, NULL , 'n' ,'1학기', 3, NULL,NULL);




----------------------------- 기능조회 시 동준껄로 --------------------


-- 교수 (교수 id, 졸업대학, 졸업대학원, 교수실전화번호, 연구실전화번호,
-- 		소속학과 id, 교수실id, 연구실 id)

INSERT INTO PROFESSOR VALUES('0001','경희대학교','경희대학원','02-165-2647','02-964-1478',
		6,19,13);
INSERT INTO PROFESSOR VALUES('0002','경기대학교','경기대학원','02-564-6107','02-489-6147',
		2,20,14);
INSERT INTO PROFESSOR VALUES('0003','서울대학교','서울대학원','02-194-9724','02-645-4567',
		7,21,15);
INSERT INTO PROFESSOR VALUES('0004','서강대학교','서강대학원','02-987-1855','02-945-1781',
		1,22,16);
INSERT INTO PROFESSOR VALUES('0005','한성대학교','한성대학원','02-487-5913','02-516-7498',
		3,23,17);
INSERT INTO PROFESSOR VALUES('0006','경희대학교','경희대학원','02-617-5758','02-156-1647',
		5,24,18);
		
		
--과목( 과목 ID, 과목이름, 강의시간, 이수구분, 학점,
--     정원, 신청인원, 학년, 분반, 폐강여부, 1학기,
--     학과ID, 강의실 ID) 수강했던 과목1~6(학점 테이블), 수강하는 과목(수강 테이블)
/***************************************************건축학과*********************************************/
		--1
INSERT INTO SUBJECT VALUES(SUBJECT_ID_SEQ.NEXTVAL,'건축이란 무엇인가','월<1&2>_수<3&4>','필수전공',3,
		50, 50, 4,'y','n','1학기',6,13);
INSERT INTO SUBJECT VALUES(SUBJECT_ID_SEQ.NEXTVAL,'건축학개론','화<1&2>_화<3&4>','선택전공',3,
		60, 58, 3,'n','n','2학기',6,14);
INSERT INTO SUBJECT VALUES(SUBJECT_ID_SEQ.NEXTVAL,'건축과 사회','화<5&6>_수<1&2>','필수전공',3,
		70, 10, 4,'n','y','1학기',6,15); --폐강과목
INSERT INTO SUBJECT VALUES(SUBJECT_ID_SEQ.NEXTVAL,'건축조경','수<7&8>_목<1&2>','필수전공',3,
		50, 46, 3,'n','n','2학기',6,16);
INSERT INTO SUBJECT VALUES(SUBJECT_ID_SEQ.NEXTVAL,'건축설계','월<3&4>_화<7&8>','필수전공',3,
		50, 50, 2,'y','n','1학기',6,17);
INSERT INTO SUBJECT VALUES(SUBJECT_ID_SEQ.NEXTVAL,'건축미학','수<4&5>_목<4&5>','필수전공',3,
		50, 50, 4,'y','n','2학기',6,18);
/***************************************************문예창작학과*********************************************/
		--7
INSERT INTO SUBJECT VALUES(SUBJECT_ID_SEQ.NEXTVAL,'문예창작의 방법과 실제','월<1&2>_월<3&4>','필수전공',3,
		55, 50, 2,'y','n','1학기',3,1);
INSERT INTO SUBJECT VALUES(SUBJECT_ID_SEQ.NEXTVAL,'문예창작의 길과 주변풍경','월<1&2>_월<3&4>','선택전공',3,
		40, 30, 2,'y','n','2학기',3,2);
INSERT INTO SUBJECT VALUES(SUBJECT_ID_SEQ.NEXTVAL,'수기 강의록 문예창작','화<3&4>_화<5&6>','필수전공',3,
		60, 10, 3,'y','y','1학기',3,3); --폐강과목
INSERT INTO SUBJECT VALUES(SUBJECT_ID_SEQ.NEXTVAL,'신춘문예의 모든것 ','화<1&2>_화<3&4>','필수전공',3,
		50, 40, 2,'y','n','2학기',3,4);
INSERT INTO SUBJECT VALUES(SUBJECT_ID_SEQ.NEXTVAL,'문예의 바다','수<1&2>_수<3&4>','선택전공',3,
		60, 55, 1,'y','n','1학기',3,5);
INSERT INTO SUBJECT VALUES(SUBJECT_ID_SEQ.NEXTVAL,'창작과 사고능력','수<1&2>_수<3&4>','필수전공',3,
		70, 60, 3,'y','n','2학기',3,6);
/***************************************************영어영문학과*********************************************/
INSERT INTO SUBJECT VALUES(SUBJECT_ID_SEQ.NEXTVAL,'영국문학개관','월<1&2>_월<3&4>','필수전공',3,
		40, 40, 3,'y','n','1학기',2,7);
		-----------------------------------------------------14-----------------------------------------------------
INSERT INTO SUBJECT VALUES(SUBJECT_ID_SEQ.NEXTVAL,'영어학개론','월<1&2>_월<3&4>','필수전공',3,
		55, 50, 3,'y','n','2학기',2,8);
		-----------------------------------------------------15-----------------------------------------------------
INSERT INTO SUBJECT VALUES(SUBJECT_ID_SEQ.NEXTVAL,'중급영어','화<1&2>_화<5&6>','선택전공',3,
		60, 50, 2,'y','n','1학기',2,9);
		-----------------------------------------------------16-----------------------------------------------------
INSERT INTO SUBJECT VALUES(SUBJECT_ID_SEQ.NEXTVAL,'19세기영미소설','화<3&4>_화<5&6>','필수전공',3,
		65, 52, 3,'y','n','2학기',2,10);
		-----------------------------------------------------17-----------------------------------------------------
INSERT INTO SUBJECT VALUES(SUBJECT_ID_SEQ.NEXTVAL,'고급영문법','목<3&4>_목<5&6>','선택전공',3,
		60, 53, 1,'y','n','1학기',2,11);
		-----------------------------------------------------18-----------------------------------------------------
INSERT INTO SUBJECT VALUES(SUBJECT_ID_SEQ.NEXTVAL,'영어발달사','수<3&4>_수<5&6>','필수전공',3,
		60, 55, 3,'y','n','2학기',2,12);
		
/***************************************************교양*********************************************/
		-----------------------------------------------------19-----------------------------------------------------
INSERT INTO SUBJECT VALUES(SUBJECT_ID_SEQ.NEXTVAL,'취업집중영어','월<5&6>_월<7&8>','필수교양',2,
		60, 50, 2,'n','n','1학기',null,25);
		-----------------------------------------------------20-----------------------------------------------------
INSERT INTO SUBJECT VALUES(SUBJECT_ID_SEQ.NEXTVAL,'시베리아기행','수<7&8>','선택교양',2,
		50, 50, 3,'n','n','2학기',null,26);
		-----------------------------------------------------21-----------------------------------------------------
INSERT INTO SUBJECT VALUES(SUBJECT_ID_SEQ.NEXTVAL,'스키','수<5&6>_목<7&8>','선택교양',2,
		50, 42, 2,'n','n','1학기',null,27);
		-----------------------------------------------------22-----------------------------------------------------
INSERT INTO SUBJECT VALUES(SUBJECT_ID_SEQ.NEXTVAL,'엑셀과 파워포인트','목<7&8>','필수교양',2,
		50, 40, 1,'n','n','2학기',null,28);
		-----------------------------------------------------23-----------------------------------------------------
INSERT INTO SUBJECT VALUES(SUBJECT_ID_SEQ.NEXTVAL,'태권도','화<7&8>_수<3&4>','선택교양',2,
		50, 50, 2,'n','n','1학기',null,29);
		-----------------------------------------------------24-----------------------------------------------------
INSERT INTO SUBJECT VALUES(SUBJECT_ID_SEQ.NEXTVAL,'글쓰기의 이해','화<7&8>','필수교양',3,
		50, 50, 4,'n','n','2학기',null,30);
		-----------------------------------------------------25-----------------------------------------------------
INSERT INTO SUBJECT VALUES(SUBJECT_ID_SEQ.NEXTVAL,'생활과 영양정보','수<7&8>_금<1&2>','선택교양',2,
		50, 50, 3,'n','n','1학기',null,25);
		
-- 교수 담당 과목 (교수 담당 과목의 학기와, 과목의 학기를 맞춰야 한다.)
-- 교담 ID, 학기, 연도, 교수ID, 과목ID 
--건축
INSERT INTO PROFESSOR_SUBJECT VALUES(PRO_SUBJECT_ID_SEQ.NEXTVAL,'1학기','2017','0001',1);
INSERT INTO PROFESSOR_SUBJECT VALUES(PRO_SUBJECT_ID_SEQ.NEXTVAL,'2학기','2016','0001',2);
INSERT INTO PROFESSOR_SUBJECT VALUES(PRO_SUBJECT_ID_SEQ.NEXTVAL,'1학기','2017','0001',3);
INSERT INTO PROFESSOR_SUBJECT VALUES(PRO_SUBJECT_ID_SEQ.NEXTVAL,'2학기','2016','0001',4);
INSERT INTO PROFESSOR_SUBJECT VALUES(PRO_SUBJECT_ID_SEQ.NEXTVAL,'1학기','2017','0001',5);
INSERT INTO PROFESSOR_SUBJECT VALUES(PRO_SUBJECT_ID_SEQ.NEXTVAL,'2학기','2016','0001',6);
--문창 (학고)
INSERT INTO PROFESSOR_SUBJECT VALUES(PRO_SUBJECT_ID_SEQ.NEXTVAL,'1학기','2017','0003',7);
INSERT INTO PROFESSOR_SUBJECT VALUES(PRO_SUBJECT_ID_SEQ.NEXTVAL,'2학기','2016','0003',8);
INSERT INTO PROFESSOR_SUBJECT VALUES(PRO_SUBJECT_ID_SEQ.NEXTVAL,'1학기','2017','0003',9);
INSERT INTO PROFESSOR_SUBJECT VALUES(PRO_SUBJECT_ID_SEQ.NEXTVAL,'2학기','2016','0003',10);
INSERT INTO PROFESSOR_SUBJECT VALUES(PRO_SUBJECT_ID_SEQ.NEXTVAL,'1학기','2017','0003',11); 
INSERT INTO PROFESSOR_SUBJECT VALUES(PRO_SUBJECT_ID_SEQ.NEXTVAL,'2학기','2016','0003',12);
--영어영문
INSERT INTO PROFESSOR_SUBJECT VALUES(PRO_SUBJECT_ID_SEQ.NEXTVAL,'1학기','2017','0002',13);
INSERT INTO PROFESSOR_SUBJECT VALUES(PRO_SUBJECT_ID_SEQ.NEXTVAL,'2학기','2016','0002',14);
INSERT INTO PROFESSOR_SUBJECT VALUES(PRO_SUBJECT_ID_SEQ.NEXTVAL,'1학기','2017','0002',15);
INSERT INTO PROFESSOR_SUBJECT VALUES(PRO_SUBJECT_ID_SEQ.NEXTVAL,'2학기','2016','0002',16);
INSERT INTO PROFESSOR_SUBJECT VALUES(PRO_SUBJECT_ID_SEQ.NEXTVAL,'1학기','2017','0002',17); 
INSERT INTO PROFESSOR_SUBJECT VALUES(PRO_SUBJECT_ID_SEQ.NEXTVAL,'2학기','2016','0002',18);
--교양
INSERT INTO PROFESSOR_SUBJECT VALUES(PRO_SUBJECT_ID_SEQ.NEXTVAL,'1학기','2017','0004',19);
INSERT INTO PROFESSOR_SUBJECT VALUES(PRO_SUBJECT_ID_SEQ.NEXTVAL,'2학기','2016','0005',20);
INSERT INTO PROFESSOR_SUBJECT VALUES(PRO_SUBJECT_ID_SEQ.NEXTVAL,'1학기','2017','0006',21);
INSERT INTO PROFESSOR_SUBJECT VALUES(PRO_SUBJECT_ID_SEQ.NEXTVAL,'2학기','2016','0004',22);
INSERT INTO PROFESSOR_SUBJECT VALUES(PRO_SUBJECT_ID_SEQ.NEXTVAL,'1학기','2017','0005',23); 
INSERT INTO PROFESSOR_SUBJECT VALUES(PRO_SUBJECT_ID_SEQ.NEXTVAL,'2학기','2016','0006',24);
INSERT INTO PROFESSOR_SUBJECT VALUES(PRO_SUBJECT_ID_SEQ.NEXTVAL,'1학기','2017','0004',25);


-- 수강( 수강id, 연도, 학기, 과목id, 학생ID, 교수id)
-- 동준수강
INSERT INTO COURSE VALUES(COURSE_ID_SEQ.NEXTVAL, '2017','1학기',1,'20140001','0001' );-- 건축전공
INSERT INTO COURSE VALUES(COURSE_ID_SEQ.NEXTVAL, '2017','1학기',3,'20140001','0001' );
INSERT INTO COURSE VALUES(COURSE_ID_SEQ.NEXTVAL, '2017','1학기',5,'20140001','0001' );
INSERT INTO COURSE VALUES(COURSE_ID_SEQ.NEXTVAL, '2017','1학기',19,'20140001','0004' ); --교양과목
INSERT INTO COURSE VALUES(COURSE_ID_SEQ.NEXTVAL, '2017','1학기',21,'20140001','0006' );
INSERT INTO COURSE VALUES(COURSE_ID_SEQ.NEXTVAL, '2017','1학기',23,'20140001','0005' );
INSERT INTO COURSE VALUES(COURSE_ID_SEQ.NEXTVAL, '2017','1학기',25,'20140001','0004' );
-- 새롬수강
INSERT INTO COURSE VALUES(COURSE_ID_SEQ.NEXTVAL, '2017','1학기',13,'20160001','0002' );-- 영문전공
INSERT INTO COURSE VALUES(COURSE_ID_SEQ.NEXTVAL, '2017','1학기',15,'20160001','0002' );
INSERT INTO COURSE VALUES(COURSE_ID_SEQ.NEXTVAL, '2017','1학기',17,'20160001','0002' );
INSERT INTO COURSE VALUES(COURSE_ID_SEQ.NEXTVAL, '2017','1학기',19,'20160001','0004' ); --교양과목
INSERT INTO COURSE VALUES(COURSE_ID_SEQ.NEXTVAL, '2017','1학기',21,'20160001','0006' );
INSERT INTO COURSE VALUES(COURSE_ID_SEQ.NEXTVAL, '2017','1학기',23,'20160001','0005' );
INSERT INTO COURSE VALUES(COURSE_ID_SEQ.NEXTVAL, '2017','1학기',25,'20160001','0004' );
--승헌수강
INSERT INTO COURSE VALUES(COURSE_ID_SEQ.NEXTVAL, '2017','1학기',7,'20160001','0003' );-- 문창전공
INSERT INTO COURSE VALUES(COURSE_ID_SEQ.NEXTVAL, '2017','1학기',9,'20160001','0003' );
INSERT INTO COURSE VALUES(COURSE_ID_SEQ.NEXTVAL, '2017','1학기',11,'20160001','0003' );
INSERT INTO COURSE VALUES(COURSE_ID_SEQ.NEXTVAL, '2017','1학기',19,'20160001','0004' ); --교양과목
INSERT INTO COURSE VALUES(COURSE_ID_SEQ.NEXTVAL, '2017','1학기',21,'20160001','0006' );
INSERT INTO COURSE VALUES(COURSE_ID_SEQ.NEXTVAL, '2017','1학기',23,'20160001','0005' );
INSERT INTO COURSE VALUES(COURSE_ID_SEQ.NEXTVAL, '2017','1학기',25,'20160001','0004' );

-- 학점 (학점 ID, 연도, 학기, 취득학점, 등급, 신청학점, 재수강여부, 과목ID, 학생ID)
-- 동준
INSERT INTO CREDIT VALUES(CREDIT_ID_SEQ.NEXTVAL, '2016','2학기', 3, 'A+', 3, 'n', 2, '20140001'); --1
INSERT INTO CREDIT VALUES(CREDIT_ID_SEQ.NEXTVAL, '2016','2학기', 3, 'B+', 3, 'n', 4, '20140001');
INSERT INTO CREDIT VALUES(CREDIT_ID_SEQ.NEXTVAL, '2016','2학기', 0, 'F', 3, 'n', 6, '20140001');
INSERT INTO CREDIT VALUES(CREDIT_ID_SEQ.NEXTVAL, '2016','2학기', 2, 'D+', 2, 'y', 20, '20140001');
INSERT INTO CREDIT VALUES(CREDIT_ID_SEQ.NEXTVAL, '2016','2학기', 2, 'A', 2, 'n', 22, '20140001');
INSERT INTO CREDIT VALUES(CREDIT_ID_SEQ.NEXTVAL, '2016','2학기', 2, 'A+', 2, 'n', 24, '20140001');
--새롬
INSERT INTO CREDIT VALUES(CREDIT_ID_SEQ.NEXTVAL, '2016','2학기', 3, 'D+', 3, 'n', 14, '20160001');--7
INSERT INTO CREDIT VALUES(CREDIT_ID_SEQ.NEXTVAL, '2016','2학기', 3, 'C+', 3, 'n', 16, '20160001');
INSERT INTO CREDIT VALUES(CREDIT_ID_SEQ.NEXTVAL, '2016','2학기', 0, '포기', 0, 'n', 18, '20160001');--학점포기(9)
INSERT INTO CREDIT VALUES(CREDIT_ID_SEQ.NEXTVAL, '2016','2학기', 2, 'A+', 2, 'y', 20, '20160001');
INSERT INTO CREDIT VALUES(CREDIT_ID_SEQ.NEXTVAL, '2016','2학기', 2, 'A', 2, 'n', 22, '20160001');
INSERT INTO CREDIT VALUES(CREDIT_ID_SEQ.NEXTVAL, '2016','2학기', 2, 'A+', 2, 'n', 24, '20160001');
--진광(학고, 휴학생)
INSERT INTO CREDIT VALUES(CREDIT_ID_SEQ.NEXTVAL, '2016','2학기', 0, 'F', 3, 'n', 8, '20150002');
INSERT INTO CREDIT VALUES(CREDIT_ID_SEQ.NEXTVAL, '2016','2학기', 3, 'B+', 3, 'n', 10, '20150002');
INSERT INTO CREDIT VALUES(CREDIT_ID_SEQ.NEXTVAL, '2016','2학기', 3, 'B+',3, 'n', 12, '20150002');
INSERT INTO CREDIT VALUES(CREDIT_ID_SEQ.NEXTVAL, '2016','2학기', 0, 'F', 3, 'y', 20, '20150002');
INSERT INTO CREDIT VALUES(CREDIT_ID_SEQ.NEXTVAL, '2016','2학기', 0, 'F', 3, 'n', 22, '20150002');
INSERT INTO CREDIT VALUES(CREDIT_ID_SEQ.NEXTVAL, '2016','2학기', 0, 'F', 3, 'n', 24, '20150002');
--승헌(학고)
INSERT INTO CREDIT VALUES(CREDIT_ID_SEQ.NEXTVAL, '2016','2학기', 0, 'F', 3, 'n', 8, '20150003');
INSERT INTO CREDIT VALUES(CREDIT_ID_SEQ.NEXTVAL, '2016','2학기', 3, 'B+', 3, 'n', 10, '20150003');
INSERT INTO CREDIT VALUES(CREDIT_ID_SEQ.NEXTVAL, '2016','2학기', 3, 'B+',3, 'n', 12, '20150003');
INSERT INTO CREDIT VALUES(CREDIT_ID_SEQ.NEXTVAL, '2016','2학기', 0, 'B+',2, 'y', 20, '20150003');
INSERT INTO CREDIT VALUES(CREDIT_ID_SEQ.NEXTVAL, '2016','2학기', 0, 'F', 3, 'n', 22, '20150003');
INSERT INTO CREDIT VALUES(CREDIT_ID_SEQ.NEXTVAL, '2016','2학기', 0, 'F', 3, 'n', 24, '20150003');

/* 강의계획서 (강의계획서 id, 교과목개요, 채점방식, 학습목표, 주차별내용,
 * 			  교재정보, 참고문헌, 연도, 학기, 비고, 교수id, 과목id)*/
INSERT INTO SUBJECT_PLAN VALUES(1,'구두강의, 슬라이드',
			'강의 30%, 수시고사30%, 기말고사30%,  토론 10%',
			'건축 이론의 전반적인 이해를 돕고, 미래의 건축학자에게 꿈을 심어준다.',
			'1주차 : 학문으로서 건축 , 2주차 : 예술로서의 건축, 
			 3주차 : 기술로서의 건축, 4주차 : 건축을 이해하는 다양한 시각
			 5주차 : 건축의 교육과 진로, 6주차 : 건축교육의 역사, 
			 7주차 : 지역 및 국가별 건축교육의 특성, 8주차 : 수시고사, 
			 9주차 : 전공별 적성과 진로, 10주차 : 서양건축사, 11주차 : 고대건축, 
			12주차 : 서양 근현대 건축, 13주차 : 한국전통건축, 14주차 : 한국근현대건축과 전통성,
			15주차 : 건축의 기능과 주거건축','건축의 이해', '건축 그 모든 것',  
			2017,'1학기','비고','0001',1);

			
--휴복학신청  ( 휴복학신청ID, 휴복학종류, 신청일자, 승인일자, 신청상태(반려, 대기, 승인), 학생ID)
INSERT INTO LEAVERETURNAPPLICATION VALUES (LRAPPLICATION_ID_SEQ.NEXTVAL, '휴학', TO_DATE('20170503','YYYY-MM-DD'),TO_DATE('20170603','YYYY-MM-DD'),'승인','20150001');		
INSERT INTO LEAVERETURNAPPLICATION VALUES (LRAPPLICATION_ID_SEQ.NEXTVAL, '복학', TO_DATE('20170212','YYYY-MM-DD'),TO_DATE('20170228','YYYY-MM-DD'),'승인','20160001');
INSERT INTO LEAVERETURNAPPLICATION VALUES (LRAPPLICATION_ID_SEQ.NEXTVAL, '휴학', TO_DATE('20161220','YYYY-MM-DD'),TO_DATE('20170120','YYYY-MM-DD'),'승인','20150002');



-- 평가EVALUATION/EVALUATION_ID_SEQ (평가 ID, 연도, 학기, 과제평점, 시험평점, 수업준비도평점, 4번째 5, 5번째 3, 6번째3
--		수업열정도평점, 질의응답평점, 교수ID, 과목 ID)
INSERT INTO EVALUATION VALUES(EVALUATION_ID_SEQ.NEXTVAL,'2016','2학기',3,4,2,4,5,'0001',2);--전공과목에 대한 평가(건축학과 동준)
INSERT INTO EVALUATION VALUES(EVALUATION_ID_SEQ.NEXTVAL,'2016','2학기',3,3,1,3,5,'0001',4);
INSERT INTO EVALUATION VALUES(EVALUATION_ID_SEQ.NEXTVAL,'2016','2학기',3,1,2,2,5,'0001',6);
INSERT INTO EVALUATION VALUES(EVALUATION_ID_SEQ.NEXTVAL,'2016','2학기',1,4,3,4,5,'0003',8);--전공과목에 대한 평가(문예학과 승헌)
INSERT INTO EVALUATION VALUES(EVALUATION_ID_SEQ.NEXTVAL,'2016','2학기',3,4,2,5,5,'0003',10);
INSERT INTO EVALUATION VALUES(EVALUATION_ID_SEQ.NEXTVAL,'2016','2학기',3,5,2,4,2,'0003',12);
INSERT INTO EVALUATION VALUES(EVALUATION_ID_SEQ.NEXTVAL,'2016','2학기',3,4,2,4,5,'0002',14);--전공과목에 대한 평가(영어학과 새롬)
INSERT INTO EVALUATION VALUES(EVALUATION_ID_SEQ.NEXTVAL,'2016','2학기',3,3,1,3,5,'0002',16);
INSERT INTO EVALUATION VALUES(EVALUATION_ID_SEQ.NEXTVAL,'2016','2학기',3,1,2,2,5,'0002',18); 
INSERT INTO EVALUATION VALUES(EVALUATION_ID_SEQ.NEXTVAL,'2016','2학기',1,4,3,4,5,'0005',20);--교양과목에 대한 평가(동준)
INSERT INTO EVALUATION VALUES(EVALUATION_ID_SEQ.NEXTVAL,'2016','2학기',3,4,2,5,5,'0004',22);
INSERT INTO EVALUATION VALUES(EVALUATION_ID_SEQ.NEXTVAL,'2016','2학기',3,5,2,4,2,'0006',24);
INSERT INTO EVALUATION VALUES(EVALUATION_ID_SEQ.NEXTVAL,'2016','2학기',1,4,3,4,5,'0005',20);--교양과목에 대한 평가(승헌)
INSERT INTO EVALUATION VALUES(EVALUATION_ID_SEQ.NEXTVAL,'2016','2학기',3,4,2,5,5,'0004',22);
INSERT INTO EVALUATION VALUES(EVALUATION_ID_SEQ.NEXTVAL,'2016','2학기',3,5,2,4,2,'0006',24);
INSERT INTO EVALUATION VALUES(EVALUATION_ID_SEQ.NEXTVAL,'2016','2학기',1,4,3,4,5,'0005',20);--교양과목에 대한 평가(새롬)
INSERT INTO EVALUATION VALUES(EVALUATION_ID_SEQ.NEXTVAL,'2016','2학기',3,4,2,5,5,'0004',22);
INSERT INTO EVALUATION VALUES(EVALUATION_ID_SEQ.NEXTVAL,'2016','2학기',3,5,2,4,2,'0006',24);

-- 학점포기CREDIT_GIVE_UP/CGU_ID_SEQ (학점포기ID,  신청연도, 신청학기, 신청일자, 승인일자, 학점ID,신청상태)
INSERT INTO CREDIT_GIVE_UP VALUES(CGU_ID_SEQ.NEXTVAL,'2016','1학기',TO_DATE('20160320','YYYY-MM-DD'),TO_DATE('2016-04-01','YYYY-MM-DD'),'승인',9);
INSERT INTO CREDIT_GIVE_UP VALUES(CGU_ID_SEQ.NEXTVAL,'2016','1학기',TO_DATE('20160319','YYYY-MM-DD'),NULL,'반려',11);

-- 학사경고ACADEMIC_PROBATION/PROBATION_ID_SEQ ( 학사경고 ID, 학사경고받은연도, 학사경고학기, 학사경고을 받은 평균 학점, 학생ID)
INSERT INTO ACADEMIC_PROBATION VALUES(PROBATION_ID_SEQ.NEXTVAL,'2016','2학기', 1, '20150002');
INSERT INTO ACADEMIC_PROBATION VALUES(PROBATION_ID_SEQ.NEXTVAL,'2016','2학기', 1, '20150003');

-- 공지사항NOTICE/NOTICE_ID_SEQ ( 공지사항 ID, 내용, 글쓴날짜, 관리자ID)
INSERT INTO NOTICE VALUES(NOTICE_ID_SEQ.NEXTVAL,'글로벌 리더를 지향하는 코스타 대학교','2015-03-01',0);

-- 학사일정 ACADEMIC_CALENDAR/CALENDAR_ID_SEQ( 학사연도, 학사일정ID, 일정시작일, 일정종료일, 학사일정명)
INSERT INTO ACADEMIC_CALENDAR VALUES (2017,CALENDAR_ID_SEQ.NEXTVAL,TO_DATE('20170630','YYYY-MM-DD'),TO_DATE('20170718','YYYY-MM-DD'),'1학기');
INSERT INTO ACADEMIC_CALENDAR VALUES (2017,CALENDAR_ID_SEQ.NEXTVAL,TO_DATE('20170616','YYYY-MM-DD'),TO_DATE('20170701','YYYY-MM-DD'),'1학기 테스트');

-- 평가응답EVALUATION_ANSWER/EVALUATION_ANSWER_ID_SEQ ( 평가응답ID, 평가응답여부, 연도, 학기, 학생ID, 과목ID)
INSERT INTO EVALUATION_ANSWER VALUES(EVALUATION_ANSWER_ID_SEQ.NEXTVAL, 'N', 2017, '1학기', '20160001', 13);
INSERT INTO EVALUATION_ANSWER VALUES(EVALUATION_ANSWER_ID_SEQ.NEXTVAL, 'N', 2017, '1학기', '20160001', 15);
INSERT INTO EVALUATION_ANSWER VALUES(EVALUATION_ANSWER_ID_SEQ.NEXTVAL, 'N', 2017, '1학기', '20160001', 17);
INSERT INTO EVALUATION_ANSWER VALUES(EVALUATION_ANSWER_ID_SEQ.NEXTVAL, 'N', 2017, '1학기', '20160001', 19);
INSERT INTO EVALUATION_ANSWER VALUES(EVALUATION_ANSWER_ID_SEQ.NEXTVAL, 'N', 2017, '1학기', '20160001', 21);
INSERT INTO EVALUATION_ANSWER VALUES(EVALUATION_ANSWER_ID_SEQ.NEXTVAL, 'N', 2017, '1학기', '20160001', 23);
INSERT INTO EVALUATION_ANSWER VALUES(EVALUATION_ANSWER_ID_SEQ.NEXTVAL, 'N', 2017, '1학기', '20160001', 25);

			
			
			
			
			
			
	sELECT ps.pro_subject_id, ps.pro_subject_semester, ps.pro_subject_year, ps.pro_id, ps.subject_id,
			   p.pro_id, p.pro_university, p.pro_grad_school, p.pro_office_phone_num, 
			   u.users_id, u.users_password, u.users_name, u.users_eng_name,
			   u.users_rrn, u.users_email, u.users_phone_num, u.users_cell_num,
			   u.users_national, u.users_current_addr, u.users_born_addr, u.users_enable, u.users_photo,
			   s.subject_id, s.subject_name, s.subject_time, s.subject_type, s.subject_credit,
			   s.subject_capacity, s.subject_request, s.subject_grade, s.subject_class,
			   s.subject_close_class, s.subject_semester, s.major_id, s.lecture_id,
			   (s.subject_capacity-s.subject_request) cnt
		from professor_subject ps, professor p, users u, subject s
		where ps.pro_id = p.pro_id
		and ps.subject_id = s.subject_id
		and p.pro_id = u.users_id
		and ps.pro_subject_semester='1학기'
		and ps.pro_subject_year=2017
		and s.major_id is null
		and s.subject_type='선택교양'		
			
			
			
			
			
			